path,bytes,sha256,status,issues
admin/Daily & Weekly Activity Report - Surya Narayanaa WSAI.xlsx,26514,0913b28743a795208808fcac37d0902104756842576f569e1875fe5a56c0ad00,ok,
data/labse_all_pairs_indic_finetuning/all_462_directed_pairs_all_rows.csv,191010343,88da5fe7100f7feb77554de4a3f08224a1b3289facfee8d9b76ba1b5c52670d8,ok,
data/labse_all_pairs_indic_finetuning/train_pairs_used.csv,171036529,6d0f41b4cfe7685bc56a1964b93ea27ba811892347bd0f6821083a456912a449,ok,
data/labse_all_pairs_indic_finetuning/val_pairs_used.csv,19973869,29fe9b5cc6855af2dbd6c47b594611dd0f87b8227e7f7c1ea826b0fe0ddba7af,ok,
data/reference/indic-indic-462 pairs.xlsx,42128,0bfab204ca13ec8201ade6d983a722afbc8b94c9b10ec89ae523b62177407dfe,ok,
download_manifest.csv,8709,75d3860552057b6c8d5e4899c92f7a3ed17f6b7dd6dbac764abe45780afe531b,ok,
README.md,1911,,ok,
results/indic_embedding_benchmark/outputs/flores_alignment_colab/accuracy_at_1_by_model.png,93577,465e64ab0c713539f64a27c622169fe787f096d0361ee1dea0fe943ebb29493b,ok,
results/indic_embedding_benchmark/outputs/flores_alignment_colab/accuracy_at_1_by_model_ALL_PAIRS_dev_devtest_nfull.png,182950,a1f114b203f149d4e824084535e5c14a317f543550f4a83e193df058e9e8dfa1,ok,
results/indic_embedding_benchmark/outputs/flores_alignment_colab/average_accuracy_at_1_ALL_PAIRS_dev_devtest_nfull.png,137212,e8e34cb1b93696247716f947b34e6f5f315dec1cde41d691d906c46eee3daa27,ok,
results/indic_embedding_benchmark/outputs/flores_alignment_colab/best_language_pairs_ALL_PAIRS_dev_devtest_nfull.csv,14783,d0669afdf113a1117dff638f493a910bc940839bc579734ee47bbdfd726e2221,ok,
results/indic_embedding_benchmark/outputs/flores_alignment_colab/contriever_accuracy_at_1_heatmap_dev_devtest_nfull.png,355044,b1440ae1df582aad2d9a913d7c9ef16e725c85adb1779df18f70ceed8bdf10ae,ok,
results/indic_embedding_benchmark/outputs/flores_alignment_colab/flores_alignment_metrics.csv,6937,463c876b7c1342b9df10c9fc26b12e351e782e2cfa777522f6a86c6272929569,ok,
results/indic_embedding_benchmark/outputs/flores_alignment_colab/flores_alignment_metrics_ALL_PAIRS_dev_devtest_nfull.csv,636520,c039d8bd1e66f7c214dd770d9fe70bd605f3d88928300a229f95ca9932dde627,ok,
results/indic_embedding_benchmark/outputs/flores_alignment_colab/flores_alignment_metrics_dev_devtest_nfull.csv,7111,53c694a9a03c51ac5b995387218131aa8ae3d934a82043bb4644d3818935c315,ok,
results/indic_embedding_benchmark/outputs/flores_alignment_colab/indicbertv2_ss_accuracy_at_1_heatmap_dev_devtest_nfull.png,175610,004680ae9e7495a8ffafb6d5082b60019776477dac593accfd1d287a6449a61f,ok,
results/indic_embedding_benchmark/outputs/flores_alignment_colab/labse_accuracy_at_1_heatmap_dev_devtest_nfull.png,279165,e72e01e81e6f13f3597d36615b9c9b70c12d5163ab86a6e42524831e7a6bcb09,ok,
results/indic_embedding_benchmark/outputs/flores_alignment_colab/language_pair_summary_ALL_PAIRS_dev_devtest_nfull.csv,232667,840e54d75899ea7d5cee43757c409f1c8635ab63b08a01509a7b4e36d731fbdf,ok,
results/indic_embedding_benchmark/outputs/flores_alignment_colab/mcontriever_accuracy_at_1_heatmap_dev_devtest_nfull.png,334565,49f9ae0a0775866c6fb90c7a4d18d1fe3e0d1e39bfb5c0f7a4152e11acd39cd8,ok,
results/indic_embedding_benchmark/outputs/flores_alignment_colab/model_summary.csv,497,9958f75bde69fc92e28ebf21c98b3382d1eccd2dbd0495e1c48559c89ca9f342,ok,
results/indic_embedding_benchmark/outputs/flores_alignment_colab/model_summary_ALL_PAIRS_dev_devtest_nfull.csv,1001,0b43d6a99981708d05b53358b4a0b947ca8e26aa433f533cac23752c70f8840b,ok,
results/indic_embedding_benchmark/outputs/flores_alignment_colab/mpnet_multilingual_accuracy_at_1_heatmap_dev_devtest_nfull.png,379672,9ae89ae2c53e9d2e7a98f3283dc5e84d1c4f5faff66114de73baea5b317fcd0e,ok,
results/indic_embedding_benchmark/outputs/flores_alignment_colab/muril_accuracy_at_1_heatmap_dev_devtest_nfull.png,383283,3f7b8fbda113a09b41a12fd05aa33ab718ae7c1a08ea89fec8c0cba9525ef06e,ok,
results/indic_embedding_benchmark/outputs/flores_alignment_colab/sbert_multilingual_minilm_accuracy_at_1_heatmap_dev_devtest_nfull.png,303247,ad559120e3b63a1c3401d9236d8be556d9c2dde30b8021a1fb12973384031023,ok,
results/indic_embedding_benchmark/outputs/flores_alignment_colab/simcse_roberta_supervised_accuracy_at_1_heatmap_dev_devtest_nfull.png,238341,5446534fc81ec9b86fdd0801f46155ffcdd97d6432f07393ebe49046c2aa8ca8,ok,
results/indic_embedding_benchmark/outputs/flores_alignment_colab/simcse_xlmr_multilingual_accuracy_at_1_heatmap_dev_devtest_nfull.png,331025,3066d0d3e9ee30516f03e1f1136d97faefdc6fbdec5b843b4b6e0a5587a36b59,ok,
results/indic_embedding_benchmark/outputs/flores_alignment_colab/worst_language_pairs_ALL_PAIRS_dev_devtest_nfull.csv,15423,85eea28ee5eddfb40330f1695b203900816eb836f1d3a7f076c3fddb83727e08,ok,
results/indic_embedding_benchmark/outputs/flores_alignment_colab/xlm_roberta_base_accuracy_at_1_heatmap_dev_devtest_nfull.png,336684,8dbee7b614ff2520f34f85eee64f2477964be52c2c48a93bc43b8dad14fc13ba,ok,
results/indic_embedding_benchmark_samanantar/outputs/samanantar_alignment_colab/best_pairs_samanantar_train_n2000_seed42.csv,18469,701d190fb4666be71cb960c748fed41f341a409e881cd94a9609bb3414bf5f03,ok,
results/indic_embedding_benchmark_samanantar/outputs/samanantar_alignment_colab/language_pair_summary_samanantar_train_n2000_seed42.csv,13904,62b37e72ffa6ff2cf17206107b5964847094064a49a6289315b0ea95644d6a23,ok,
results/indic_embedding_benchmark_samanantar/outputs/samanantar_alignment_colab/model_summary_samanantar_train_n2000_seed42.csv,684,ecc8fe5cc8609e17daeb09ed2a802b1011f9aa5d6e75ef33b7ce8e65aebabb53,ok,
results/indic_embedding_benchmark_samanantar/outputs/samanantar_alignment_colab/samanantar_alignment_metrics_samanantar_train_n2000_seed42.csv,40505,2ea76a8041ca5632836decea4d933d4e2c098ccb5eade2cd32cad15cc0d8c371,ok,
results/indic_embedding_benchmark_samanantar/outputs/samanantar_alignment_colab/worst_pairs_samanantar_train_n2000_seed42.csv,18647,5b33693e3b243a886c6bd42d05c9eac4d9e2b14b638c02d6bf8553a99390e6e0,ok,
results/indic_embedding_benchmark_samanantar/outputs/samanantar_avg_cosine/best_pairs_avg_cosine_samanantar_n2000_l128.csv,9522,6649f3e5563f1c4c3764327f414bb155a777b7e5c887376a59877cb0e08932cb,ok,
results/indic_embedding_benchmark_samanantar/outputs/samanantar_avg_cosine/model_summary_avg_cosine_samanantar_n2000_l128.csv,733,a23f58bbf68823942cc679ec7521edd14bcebfdd7da1abd626fa22be2014d1ee,ok,
results/indic_embedding_benchmark_samanantar/outputs/samanantar_avg_cosine/pair_summary_avg_cosine_samanantar_n2000_l128.csv,20729,d57824b0d45982845e9d562bfc78ccb319fc9b06f6d244b21d3221b293fca3b4,ok,
results/indic_embedding_benchmark_samanantar/outputs/samanantar_avg_cosine/samanantar_avg_cosine_metrics_samanantar_n2000_l128.csv,20729,1f8ea80ab44bc94f9c89c61113ed14320536604522613a0ed76dffdc6f535b34,ok,
results/indic_embedding_benchmark_samanantar/outputs/samanantar_avg_cosine/weakest_pairs_avg_cosine_samanantar_n2000_l128.csv,9560,0fb74f9b9931d2e273f37eede5f814cafb55b7bf1a0a23a664455e8108356524,ok,
results/labse_all_pairs_indic_finetuning/exports/labse_all_pairs_metrics_only.zip,95029922,6e176e4e63e54afae51277e43f84730af098533ebdcbc7af8fd6ea866554f55f,ok,
results/labse_all_pairs_indic_finetuning/metrics/delta_all_462_best_model_vs_labse_baseline_by_direction.csv,336847,91ae8a87a248eba94a5dc3f382da0f0de86791bedfb36ef6ff41eafba8f20f55,ok,
results/labse_all_pairs_indic_finetuning/metrics/delta_all_462_final_model_vs_labse_baseline_by_direction.csv,337326,ba8d0b8e841d1ac5751140ec165dfe74c46b77e891762518f8b5d85ef4954059,ok,
results/labse_all_pairs_indic_finetuning/metrics/delta_vs_labse_baseline.csv,664,6f78bb6310044534c47aedc6a816cf3875c73553aee7a43906c20a6ee79b58c6,ok,
results/labse_all_pairs_indic_finetuning/metrics/in22_conv_eval_all_462_best_model_by_direction.csv,125558,a474e00588ba3b3152d7e28a0651ab3bd829bfcdf40ee4bc1f132670c5ecdc1b,ok,
results/labse_all_pairs_indic_finetuning/metrics/in22_conv_eval_all_462_final_model_by_direction.csv,126011,8e78207958a1c7ee05d62a24d07afdc81562a20b68f262781e96c9a5216ef57d,ok,
results/labse_all_pairs_indic_finetuning/metrics/in22_conv_eval_all_models_by_direction.csv,375564,e24ecfbf6826787cce50a03e9f9431a78a9f1e768fc9aa7c2f705007c7cb4695,ok,
results/labse_all_pairs_indic_finetuning/metrics/in22_conv_eval_summary_by_model.csv,785,37cc1d746495f3ff2d134b334b9492650170d37fef123105740b8606ca9a2eea,ok,
results/labse_all_pairs_indic_finetuning/outputs/labse_all_462_directed_pairs_balanced/model_generation_verification.csv,365,693a21b415fad64584b94bf15e297c5925e6e883b9f405d70fa292481e86e89d,ok,
results/labse_all_pairs_indic_finetuning/outputs/labse_all_462_directed_pairs_balanced/train_metrics.csv,1185,aee513ebca1fe3fcac454c9af8a4400fa8ba409d40053af71da495c9bebd9195,ok,
results/labse_all_pairs_indic_finetuning/outputs/labse_all_462_directed_pairs_balanced/training_config.json,8357,5cb4a89f0481f18d2d7a0bb00d48ddbbd94801f5250c548b85ec850a0097cb64,ok,
results/labse_all_pairs_indic_finetuning/outputs/labse_all_462_directed_pairs_balanced/val_per_direction_epoch_1.csv,39262,e5db335828dd34d25f5df591a3ebb9602bbea0a8f3448e87ede62202d6a4f944,ok,
results/labse_all_pairs_indic_finetuning/outputs/labse_all_462_directed_pairs_balanced/val_per_direction_epoch_2.csv,39075,6715755579ebc4be541bb47d6b44f36e02e8bc2d3e3b0c1fa51bc3e848939b61,ok,
results/labse_all_pairs_indic_finetuning/outputs/labse_all_462_directed_pairs_balanced/val_per_direction_epoch_3.csv,39587,ab01c2d1c2270e056c06617abb7308bdfb7166023dc1db10e46e1cbffec11f40,ok,
results/labse_all_pairs_indic_finetuning/outputs/labse_all_462_directed_pairs_balanced/val_per_direction_epoch_4.csv,39716,d2579c57617d1350dc0b1086a547f0682be575810baeb0aa1a81247313b208be,ok,
results/labse_all_pairs_indic_finetuning/outputs/labse_all_462_directed_pairs_balanced/val_per_direction_epoch_5.csv,39735,fbee1021a88c582c4490678b1f16a170f0851979234d484cf0c4aef90291cda9,ok,
results/labse_all_pairs_indic_finetuning/outputs/labse_phase2_weak_pair_weighted_from_phase1/phase2_train_metrics.csv,837,efe97e2415e3fe209fc590b8b080e50f224bc7a09b3ea59dc351fadb2c313936,ok,
results/labse_all_pairs_indic_finetuning/outputs/labse_phase2_weak_pair_weighted_from_phase1/training_config.json,1356,2d9c38c4290d63a2305c9e2339cc6d8fc47674a7edb58249273e669b9a56ba11,ok,
results/labse_indic_indic_benchmark/outputs/labse_COMBINED_FLORES_SAMANANTAR_INDIC_INDIC.csv,72079,7523f3459f9b4e41b8e6d1c29194b2614719ccceb8d297dcbc93d998c0368b3d,ok,
results/labse_indic_indic_benchmark/outputs/labse_DATASET_SUMMARY_INDIC_INDIC.csv,398,759fab7fa01d4ce70b5e6aa041a01536629ae0cf8bcda432865f580154969d9b,ok,
results/labse_indic_indic_benchmark/outputs/labse_PAIR_SUMMARY_INDIC_INDIC.csv,30366,aefdcc72124b8311b3de4e419103b5b6003f45bcfb988bf56888bf39590cc395,ok,
